bell_state,noise_type,p,S,above_classical
Phi+,depolarizing,0.0,2.828427124746189,True
Phi+,depolarizing,0.01020408163265306,2.799565623473269,True
Phi+,depolarizing,0.02040816326530612,2.770704122200349,True
Phi+,depolarizing,0.030612244897959183,2.7418426209274283,True
Phi+,depolarizing,0.04081632653061224,2.7129811196545077,True
Phi+,depolarizing,0.0510204081632653,2.6841196183815876,True
Phi+,depolarizing,0.061224489795918366,2.655258117108668,True
Phi+,depolarizing,0.07142857142857142,2.6263966158357475,True
Phi+,depolarizing,0.08163265306122448,2.5975351145628265,True
Phi+,depolarizing,0.09183673469387754,2.5686736132899064,True
Phi+,depolarizing,0.1020408163265306,2.5398121120169863,True
Phi+,depolarizing,0.11224489795918366,2.5109506107440662,True
Phi+,depolarizing,0.12244897959183673,2.4820891094711452,True
Phi+,depolarizing,0.13265306122448978,2.453227608198225,True
Phi+,depolarizing,0.14285714285714285,2.424366106925305,True
Phi+,depolarizing,0.1530612244897959,2.395504605652385,True
Phi+,depolarizing,0.16326530612244897,2.366643104379465,True
Phi+,depolarizing,0.17346938775510204,2.337781603106544,True
Phi+,depolarizing,0.18367346938775508,2.308920101833624,True
Phi+,depolarizing,0.19387755102040816,2.2800586005607038,True
Phi+,depolarizing,0.2040816326530612,2.2511970992877837,True
Phi+,depolarizing,0.21428571428571427,2.2223355980148627,True
Phi+,depolarizing,0.22448979591836732,2.1934740967419426,True
Phi+,depolarizing,0.2346938775510204,2.1646125954690225,True
Phi+,depolarizing,0.24489795918367346,2.1357510941961015,True
Phi+,depolarizing,0.25510204081632654,2.1068895929231823,True
Phi+,depolarizing,0.26530612244897955,2.0780280916502623,True
Phi+,depolarizing,0.2755102040816326,2.0491665903773413,True
Phi+,depolarizing,0.2857142857142857,2.020305089104421,True
Phi+,depolarizing,0.29591836734693877,1.9914435878315007,False
Phi+,depolarizing,0.3061224489795918,1.962582086558581,False
Phi+,depolarizing,0.31632653061224486,1.9337205852856603,False
Phi+,depolarizing,0.32653061224489793,1.90485908401274,False
Phi+,depolarizing,0.336734693877551,1.8759975827398194,False
Phi+,depolarizing,0.3469387755102041,1.8471360814668993,False
Phi+,depolarizing,0.3571428571428571,1.8182745801939793,False
Phi+,depolarizing,0.36734693877551017,1.7894130789210587,False
Phi+,depolarizing,0.37755102040816324,1.7605515776481382,False
Phi+,depolarizing,0.3877551020408163,1.731690076375218,False
Phi+,depolarizing,0.39795918367346933,1.702828575102298,False
Phi+,depolarizing,0.4081632653061224,1.6739670738293775,False
Phi+,depolarizing,0.4183673469387755,1.6451055725564576,False
Phi+,depolarizing,0.42857142857142855,1.6162440712835369,False
Phi+,depolarizing,0.4387755102040816,1.5873825700106168,False
Phi+,depolarizing,0.44897959183673464,1.5585210687376962,False
Phi+,depolarizing,0.4591836734693877,1.529659567464776,False
Phi+,depolarizing,0.4693877551020408,1.5007980661918559,False
Phi+,depolarizing,0.47959183673469385,1.4719365649189353,False
Phi+,depolarizing,0.4897959183673469,1.443075063646015,False
Phi+,depolarizing,0.5,1.414213562373095,False
Phi+,dephasing,0.0,2.828427124746189,True
Phi+,dephasing,0.01020408163265306,2.771293132430408,True
Phi+,dephasing,0.02040816326530612,2.7153371605747463,True
Phi+,dephasing,0.030612244897959183,2.660559209179204,True
Phi+,dephasing,0.04081632653061224,2.6069592782437794,True
Phi+,dephasing,0.0510204081632653,2.554537367768477,True
Phi+,dephasing,0.061224489795918366,2.5032934777532914,True
Phi+,dephasing,0.07142857142857142,2.453227608198225,True
Phi+,dephasing,0.08163265306122448,2.4043397591032796,True
Phi+,dephasing,0.09183673469387754,2.3566299304684515,True
Phi+,dephasing,0.1020408163265306,2.310098122293743,True
Phi+,dephasing,0.11224489795918366,2.264744334579154,True
Phi+,dephasing,0.12244897959183673,2.2205685673246838,True
Phi+,dephasing,0.13265306122448978,2.1775708205303337,True
Phi+,dephasing,0.14285714285714285,2.135751094196103,True
Phi+,dephasing,0.1530612244897959,2.09510938832199,True
Phi+,dephasing,0.16326530612244897,2.055645702907997,True
Phi+,dephasing,0.17346938775510204,2.0173600379541234,True
Phi+,dephasing,0.18367346938775508,1.9802523934603686,False
Phi+,dephasing,0.19387755102040816,1.9443227694267322,False
Phi+,dephasing,0.2040816326530612,1.909571165853216,False
Phi+,dephasing,0.21428571428571427,1.8759975827398194,False
Phi+,dephasing,0.22448979591836732,1.8436020200865408,False
Phi+,dephasing,0.2346938775510204,1.8123844778933826,False
Phi+,dephasing,0.24489795918367346,1.7823449561603426,False
Phi+,dephasing,0.25510204081632654,1.7534834548874227,False
Phi+,dephasing,0.26530612244897955,1.725799974074622,False
Phi+,dephasing,0.2755102040816326,1.69929451372194,False
Phi+,dephasing,0.2857142857142857,1.673967073829377,False
Phi+,dephasing,0.29591836734693877,1.6498176543969334,False
Phi+,dephasing,0.3061224489795918,1.6268462554246097,False
Phi+,dephasing,0.31632653061224486,1.6050528769124037,False
Phi+,dephasing,0.32653061224489793,1.5844375188603184,False
Phi+,dephasing,0.336734693877551,1.565000181268351,False
Phi+,dephasing,0.3469387755102041,1.5467408641365046,False
Phi+,dephasing,0.3571428571428571,1.5296595674647757,False
Phi+,dephasing,0.36734693877551017,1.5137562912531661,False
Phi+,dephasing,0.37755102040816324,1.4990310355016765,False
Phi+,dephasing,0.3877551020408163,1.4854838002103057,False
Phi+,dephasing,0.39795918367346933,1.4731145853790546,False
Phi+,dephasing,0.4081632653061224,1.4619233910079212,False
Phi+,dephasing,0.4183673469387755,1.4519102170969094,False
Phi+,dephasing,0.42857142857142855,1.4430750636460141,False
Phi+,dephasing,0.4387755102040816,1.4354179306552406,False
Phi+,dephasing,0.44897959183673464,1.4289388181245843,False
Phi+,dephasing,0.4591836734693877,1.423637726054048,False
Phi+,dephasing,0.4693877551020408,1.4195146544436315,False
Phi+,dephasing,0.47959183673469385,1.4165696032933328,False
Phi+,dephasing,0.4897959183673469,1.4148025726031546,False
Phi+,dephasing,0.5,1.4142135623730954,False
Phi+,amplitude_damping,0.0,2.828427124746189,True
Phi+,amplitude_damping,0.01020408163265306,2.7854293779518384,True
Phi+,amplitude_damping,0.02040816326530612,2.743020641387548,True
Phi+,amplitude_damping,0.030612244897959183,2.7012009150533163,True
Phi+,amplitude_damping,0.04081632653061224,2.6599701989491438,True
Phi+,amplitude_damping,0.0510204081632653,2.6193284930750327,True
Phi+,amplitude_damping,0.061224489795918366,2.5792757974309795,True
Phi+,amplitude_damping,0.07142857142857142,2.539812112016986,True
Phi+,amplitude_damping,0.08163265306122448,2.5009374368330533,True
Phi+,amplitude_damping,0.09183673469387754,2.462651771879179,True
Phi+,amplitude_damping,0.1020408163265306,2.4249551171553647,True
Phi+,amplitude_damping,0.11224489795918366,2.38784747266161,True
Phi+,amplitude_damping,0.12244897959183673,2.351328838397915,True
Phi+,amplitude_damping,0.13265306122448978,2.31539921436428,True
Phi+,amplitude_damping,0.14285714285714285,2.2800586005607038,True
Phi+,amplitude_damping,0.1530612244897959,2.2453069969871873,True
Phi+,amplitude_damping,0.16326530612244897,2.211144403643731,True
Phi+,amplitude_damping,0.17346938775510204,2.1775708205303337,True
Phi+,amplitude_damping,0.18367346938775508,2.1445862476469966,True
Phi+,amplitude_damping,0.19387755102040816,2.112190684993718,True
Phi+,amplitude_damping,0.2040816326530612,2.0803841325705,True
Phi+,amplitude_damping,0.21428571428571427,2.0491665903773413,True
Phi+,amplitude_damping,0.22448979591836732,2.018538058414242,True
Phi+,amplitude_damping,0.2346938775510204,1.9884985366812025,False
Phi+,amplitude_damping,0.24489795918367346,1.9590480251782223,False
Phi+,amplitude_damping,0.25510204081632654,1.9301865239053027,False
Phi+,amplitude_damping,0.26530612244897955,1.901914032862442,False
Phi+,amplitude_damping,0.2755102040816326,1.874230552049641,False
Phi+,amplitude_damping,0.2857142857142857,1.8471360814668991,False
Phi+,amplitude_damping,0.29591836734693877,1.8206306211142171,False
Phi+,amplitude_damping,0.3061224489795918,1.794714170991595,False
Phi+,amplitude_damping,0.31632653061224486,1.7693867310990319,False
Phi+,amplitude_damping,0.32653061224489793,1.7446483014365293,False
Phi+,amplitude_damping,0.336734693877551,1.7204988820040854,False
Phi+,amplitude_damping,0.3469387755102041,1.696938472801702,False
Phi+,amplitude_damping,0.3571428571428571,1.6739670738293775,False
Phi+,amplitude_damping,0.36734693877551017,1.6515846850871125,False
Phi+,amplitude_damping,0.37755102040816324,1.6297913065749077,False
Phi+,amplitude_damping,0.3877551020408163,1.608586938292762,False
Phi+,amplitude_damping,0.39795918367346933,1.587971580240676,False
Phi+,amplitude_damping,0.4081632653061224,1.5679452324186496,False
Phi+,amplitude_damping,0.4183673469387755,1.548507894826683,False
Phi+,amplitude_damping,0.42857142857142855,1.5296595674647757,False
Phi+,amplitude_damping,0.4387755102040816,1.5114002503329287,False
Phi+,amplitude_damping,0.44897959183673464,1.4937299434311406,False
Phi+,amplitude_damping,0.4591836734693877,1.476648646759412,False
Phi+,amplitude_damping,0.4693877551020408,1.4601563603177439,False
Phi+,amplitude_damping,0.47959183673469385,1.4442530841061343,False
Phi+,amplitude_damping,0.4897959183673469,1.4289388181245848,False
Phi+,amplitude_damping,0.5,1.4142135623730947,False
Phi-,depolarizing,0.0,2.828427124746189,True
Phi-,depolarizing,0.01020408163265306,2.799565623473269,True
Phi-,depolarizing,0.02040816326530612,2.770704122200349,True
Phi-,depolarizing,0.030612244897959183,2.741842620927428,True
Phi-,depolarizing,0.04081632653061224,2.7129811196545077,True
Phi-,depolarizing,0.0510204081632653,2.6841196183815876,True
Phi-,depolarizing,0.061224489795918366,2.655258117108668,True
Phi-,depolarizing,0.07142857142857142,2.6263966158357475,True
Phi-,depolarizing,0.08163265306122448,2.5975351145628265,True
Phi-,depolarizing,0.09183673469387754,2.5686736132899064,True
Phi-,depolarizing,0.1020408163265306,2.5398121120169863,True
Phi-,depolarizing,0.11224489795918366,2.5109506107440662,True
Phi-,depolarizing,0.12244897959183673,2.4820891094711452,True
Phi-,depolarizing,0.13265306122448978,2.453227608198225,True
Phi-,depolarizing,0.14285714285714285,2.424366106925305,True
Phi-,depolarizing,0.1530612244897959,2.395504605652385,True
Phi-,depolarizing,0.16326530612244897,2.366643104379465,True
Phi-,depolarizing,0.17346938775510204,2.337781603106544,True
Phi-,depolarizing,0.18367346938775508,2.308920101833624,True
Phi-,depolarizing,0.19387755102040816,2.2800586005607038,True
Phi-,depolarizing,0.2040816326530612,2.2511970992877837,True
Phi-,depolarizing,0.21428571428571427,2.2223355980148627,True
Phi-,depolarizing,0.22448979591836732,2.1934740967419426,True
Phi-,depolarizing,0.2346938775510204,2.1646125954690225,True
Phi-,depolarizing,0.24489795918367346,2.1357510941961015,True
Phi-,depolarizing,0.25510204081632654,2.1068895929231823,True
Phi-,depolarizing,0.26530612244897955,2.0780280916502623,True
Phi-,depolarizing,0.2755102040816326,2.0491665903773413,True
Phi-,depolarizing,0.2857142857142857,2.020305089104421,True
Phi-,depolarizing,0.29591836734693877,1.9914435878315009,False
Phi-,depolarizing,0.3061224489795918,1.9625820865585808,False
Phi-,depolarizing,0.31632653061224486,1.9337205852856603,False
Phi-,depolarizing,0.32653061224489793,1.90485908401274,False
Phi-,depolarizing,0.336734693877551,1.8759975827398194,False
Phi-,depolarizing,0.3469387755102041,1.8471360814668991,False
Phi-,depolarizing,0.3571428571428571,1.8182745801939793,False
Phi-,depolarizing,0.36734693877551017,1.7894130789210587,False
Phi-,depolarizing,0.37755102040816324,1.7605515776481382,False
Phi-,depolarizing,0.3877551020408163,1.731690076375218,False
Phi-,depolarizing,0.39795918367346933,1.702828575102298,False
Phi-,depolarizing,0.4081632653061224,1.6739670738293775,False
Phi-,depolarizing,0.4183673469387755,1.6451055725564574,False
Phi-,depolarizing,0.42857142857142855,1.6162440712835369,False
Phi-,depolarizing,0.4387755102040816,1.5873825700106168,False
Phi-,depolarizing,0.44897959183673464,1.5585210687376962,False
Phi-,depolarizing,0.4591836734693877,1.5296595674647762,False
Phi-,depolarizing,0.4693877551020408,1.5007980661918556,False
Phi-,depolarizing,0.47959183673469385,1.4719365649189355,False
Phi-,depolarizing,0.4897959183673469,1.443075063646015,False
Phi-,depolarizing,0.5,1.4142135623730947,False
Phi-,dephasing,0.0,2.828427124746189,True
Phi-,dephasing,0.01020408163265306,2.771293132430408,True
Phi-,dephasing,0.02040816326530612,2.7153371605747463,True
Phi-,dephasing,0.030612244897959183,2.6605592091792043,True
Phi-,dephasing,0.04081632653061224,2.60695927824378,True
Phi-,dephasing,0.0510204081632653,2.554537367768477,True
Phi-,dephasing,0.061224489795918366,2.5032934777532914,True
Phi-,dephasing,0.07142857142857142,2.453227608198225,True
Phi-,dephasing,0.08163265306122448,2.4043397591032796,True
Phi-,dephasing,0.09183673469387754,2.356629930468451,True
Phi-,dephasing,0.1020408163265306,2.310098122293743,True
Phi-,dephasing,0.11224489795918366,2.264744334579154,True
Phi-,dephasing,0.12244897959183673,2.220568567324684,True
Phi-,dephasing,0.13265306122448978,2.1775708205303337,True
Phi-,dephasing,0.14285714285714285,2.135751094196103,True
Phi-,dephasing,0.1530612244897959,2.0951093883219896,True
Phi-,dephasing,0.16326530612244897,2.0556457029079964,True
Phi-,dephasing,0.17346938775510204,2.0173600379541234,True
Phi-,dephasing,0.18367346938775508,1.9802523934603684,False
Phi-,dephasing,0.19387755102040816,1.944322769426732,False
Phi-,dephasing,0.2040816326530612,1.909571165853216,False
Phi-,dephasing,0.21428571428571427,1.8759975827398192,False
Phi-,dephasing,0.22448979591836732,1.8436020200865408,False
Phi-,dephasing,0.2346938775510204,1.8123844778933826,False
Phi-,dephasing,0.24489795918367346,1.7823449561603426,False
Phi-,dephasing,0.25510204081632654,1.7534834548874227,False
Phi-,dephasing,0.26530612244897955,1.725799974074622,False
Phi-,dephasing,0.2755102040816326,1.69929451372194,False
Phi-,dephasing,0.2857142857142857,1.673967073829377,False
Phi-,dephasing,0.29591836734693877,1.6498176543969336,False
Phi-,dephasing,0.3061224489795918,1.6268462554246095,False
Phi-,dephasing,0.31632653061224486,1.6050528769124037,False
Phi-,dephasing,0.32653061224489793,1.5844375188603184,False
Phi-,dephasing,0.336734693877551,1.5650001812683512,False
Phi-,dephasing,0.3469387755102041,1.5467408641365046,False
Phi-,dephasing,0.3571428571428571,1.5296595674647757,False
Phi-,dephasing,0.36734693877551017,1.5137562912531661,False
Phi-,dephasing,0.37755102040816324,1.4990310355016765,False
Phi-,dephasing,0.3877551020408163,1.4854838002103057,False
Phi-,dephasing,0.39795918367346933,1.4731145853790544,False
Phi-,dephasing,0.4081632653061224,1.4619233910079212,False
Phi-,dephasing,0.4183673469387755,1.4519102170969094,False
Phi-,dephasing,0.42857142857142855,1.4430750636460141,False
Phi-,dephasing,0.4387755102040816,1.4354179306552404,False
Phi-,dephasing,0.44897959183673464,1.4289388181245843,False
Phi-,dephasing,0.4591836734693877,1.423637726054048,False
Phi-,dephasing,0.4693877551020408,1.4195146544436315,False
Phi-,dephasing,0.47959183673469385,1.4165696032933328,False
Phi-,dephasing,0.4897959183673469,1.4148025726031546,False
Phi-,dephasing,0.5,1.4142135623730954,False
Phi-,amplitude_damping,0.0,2.828427124746189,True
Phi-,amplitude_damping,0.01020408163265306,2.7854293779518384,True
Phi-,amplitude_damping,0.02040816326530612,2.7430206413875475,True
Phi-,amplitude_damping,0.030612244897959183,2.701200915053316,True
Phi-,amplitude_damping,0.04081632653061224,2.6599701989491438,True
Phi-,amplitude_damping,0.0510204081632653,2.6193284930750327,True
Phi-,amplitude_damping,0.061224489795918366,2.5792757974309795,True
Phi-,amplitude_damping,0.07142857142857142,2.539812112016986,True
Phi-,amplitude_damping,0.08163265306122448,2.5009374368330533,True
Phi-,amplitude_damping,0.09183673469387754,2.4626517718791794,True
Phi-,amplitude_damping,0.1020408163265306,2.424955117155365,True
Phi-,amplitude_damping,0.11224489795918366,2.38784747266161,True
Phi-,amplitude_damping,0.12244897959183673,2.351328838397915,True
Phi-,amplitude_damping,0.13265306122448978,2.3153992143642794,True
Phi-,amplitude_damping,0.14285714285714285,2.280058600560704,True
Phi-,amplitude_damping,0.1530612244897959,2.2453069969871873,True
Phi-,amplitude_damping,0.16326530612244897,2.211144403643731,True
Phi-,amplitude_damping,0.17346938775510204,2.1775708205303337,True
Phi-,amplitude_damping,0.18367346938775508,2.1445862476469966,True
Phi-,amplitude_damping,0.19387755102040816,2.1121906849937178,True
Phi-,amplitude_damping,0.2040816326530612,2.0803841325705,True
Phi-,amplitude_damping,0.21428571428571427,2.0491665903773413,True
Phi-,amplitude_damping,0.22448979591836732,2.0185380584142423,True
Phi-,amplitude_damping,0.2346938775510204,1.9884985366812025,False
Phi-,amplitude_damping,0.24489795918367346,1.9590480251782223,False
Phi-,amplitude_damping,0.25510204081632654,1.9301865239053027,False
Phi-,amplitude_damping,0.26530612244897955,1.901914032862442,False
Phi-,amplitude_damping,0.2755102040816326,1.874230552049641,False
Phi-,amplitude_damping,0.2857142857142857,1.847136081466899,False
Phi-,amplitude_damping,0.29591836734693877,1.820630621114217,False
Phi-,amplitude_damping,0.3061224489795918,1.794714170991595,False
Phi-,amplitude_damping,0.31632653061224486,1.7693867310990319,False
Phi-,amplitude_damping,0.32653061224489793,1.7446483014365293,False
Phi-,amplitude_damping,0.336734693877551,1.7204988820040854,False
Phi-,amplitude_damping,0.3469387755102041,1.6969384728017018,False
Phi-,amplitude_damping,0.3571428571428571,1.6739670738293775,False
Phi-,amplitude_damping,0.36734693877551017,1.6515846850871125,False
Phi-,amplitude_damping,0.37755102040816324,1.6297913065749075,False
Phi-,amplitude_damping,0.3877551020408163,1.608586938292762,False
Phi-,amplitude_damping,0.39795918367346933,1.5879715802406764,False
Phi-,amplitude_damping,0.4081632653061224,1.5679452324186494,False
Phi-,amplitude_damping,0.4183673469387755,1.5485078948266828,False
Phi-,amplitude_damping,0.42857142857142855,1.5296595674647757,False
Phi-,amplitude_damping,0.4387755102040816,1.5114002503329287,False
Phi-,amplitude_damping,0.44897959183673464,1.4937299434311406,False
Phi-,amplitude_damping,0.4591836734693877,1.4766486467594122,False
Phi-,amplitude_damping,0.4693877551020408,1.4601563603177437,False
Phi-,amplitude_damping,0.47959183673469385,1.4442530841061345,False
Phi-,amplitude_damping,0.4897959183673469,1.428938818124585,False
Phi-,amplitude_damping,0.5,1.4142135623730945,False
Psi+,depolarizing,0.0,2.828427124746189,True
Psi+,depolarizing,0.01020408163265306,2.799565623473269,True
Psi+,depolarizing,0.02040816326530612,2.770704122200349,True
Psi+,depolarizing,0.030612244897959183,2.741842620927428,True
Psi+,depolarizing,0.04081632653061224,2.7129811196545077,True
Psi+,depolarizing,0.0510204081632653,2.6841196183815876,True
Psi+,depolarizing,0.061224489795918366,2.655258117108668,True
Psi+,depolarizing,0.07142857142857142,2.6263966158357475,True
Psi+,depolarizing,0.08163265306122448,2.5975351145628265,True
Psi+,depolarizing,0.09183673469387754,2.5686736132899064,True
Psi+,depolarizing,0.1020408163265306,2.5398121120169863,True
Psi+,depolarizing,0.11224489795918366,2.5109506107440662,True
Psi+,depolarizing,0.12244897959183673,2.4820891094711457,True
Psi+,depolarizing,0.13265306122448978,2.453227608198225,True
Psi+,depolarizing,0.14285714285714285,2.424366106925305,True
Psi+,depolarizing,0.1530612244897959,2.395504605652385,True
Psi+,depolarizing,0.16326530612244897,2.366643104379465,True
Psi+,depolarizing,0.17346938775510204,2.337781603106544,True
Psi+,depolarizing,0.18367346938775508,2.308920101833624,True
Psi+,depolarizing,0.19387755102040816,2.2800586005607038,True
Psi+,depolarizing,0.2040816326530612,2.2511970992877837,True
Psi+,depolarizing,0.21428571428571427,2.2223355980148627,True
Psi+,depolarizing,0.22448979591836732,2.1934740967419426,True
Psi+,depolarizing,0.2346938775510204,2.1646125954690225,True
Psi+,depolarizing,0.24489795918367346,2.1357510941961015,True
Psi+,depolarizing,0.25510204081632654,2.1068895929231823,True
Psi+,depolarizing,0.26530612244897955,2.0780280916502623,True
Psi+,depolarizing,0.2755102040816326,2.0491665903773413,True
Psi+,depolarizing,0.2857142857142857,2.020305089104421,True
Psi+,depolarizing,0.29591836734693877,1.9914435878315007,False
Psi+,depolarizing,0.3061224489795918,1.962582086558581,False
Psi+,depolarizing,0.31632653061224486,1.9337205852856603,False
Psi+,depolarizing,0.32653061224489793,1.90485908401274,False
Psi+,depolarizing,0.336734693877551,1.8759975827398194,False
Psi+,depolarizing,0.3469387755102041,1.8471360814668991,False
Psi+,depolarizing,0.3571428571428571,1.8182745801939793,False
Psi+,depolarizing,0.36734693877551017,1.7894130789210587,False
Psi+,depolarizing,0.37755102040816324,1.7605515776481386,False
Psi+,depolarizing,0.3877551020408163,1.731690076375218,False
Psi+,depolarizing,0.39795918367346933,1.702828575102298,False
Psi+,depolarizing,0.4081632653061224,1.6739670738293775,False
Psi+,depolarizing,0.4183673469387755,1.6451055725564574,False
Psi+,depolarizing,0.42857142857142855,1.6162440712835369,False
Psi+,depolarizing,0.4387755102040816,1.5873825700106168,False
Psi+,depolarizing,0.44897959183673464,1.5585210687376965,False
Psi+,depolarizing,0.4591836734693877,1.5296595674647762,False
Psi+,depolarizing,0.4693877551020408,1.5007980661918556,False
Psi+,depolarizing,0.47959183673469385,1.4719365649189355,False
Psi+,depolarizing,0.4897959183673469,1.4430750636460148,False
Psi+,depolarizing,0.5,1.414213562373095,False
Psi+,dephasing,0.0,2.828427124746189,True
Psi+,dephasing,0.01020408163265306,2.771293132430408,True
Psi+,dephasing,0.02040816326530612,2.7153371605747463,True
Psi+,dephasing,0.030612244897959183,2.6605592091792043,True
Psi+,dephasing,0.04081632653061224,2.60695927824378,True
Psi+,dephasing,0.0510204081632653,2.554537367768477,True
Psi+,dephasing,0.061224489795918366,2.5032934777532914,True
Psi+,dephasing,0.07142857142857142,2.453227608198225,True
Psi+,dephasing,0.08163265306122448,2.4043397591032796,True
Psi+,dephasing,0.09183673469387754,2.356629930468451,True
Psi+,dephasing,0.1020408163265306,2.310098122293743,True
Psi+,dephasing,0.11224489795918366,2.264744334579154,True
Psi+,dephasing,0.12244897959183673,2.220568567324684,True
Psi+,dephasing,0.13265306122448978,2.1775708205303337,True
Psi+,dephasing,0.14285714285714285,2.135751094196103,True
Psi+,dephasing,0.1530612244897959,2.0951093883219896,True
Psi+,dephasing,0.16326530612244897,2.0556457029079964,True
Psi+,dephasing,0.17346938775510204,2.0173600379541234,True
Psi+,dephasing,0.18367346938775508,1.9802523934603684,False
Psi+,dephasing,0.19387755102040816,1.944322769426732,False
Psi+,dephasing,0.2040816326530612,1.909571165853216,False
Psi+,dephasing,0.21428571428571427,1.8759975827398192,False
Psi+,dephasing,0.22448979591836732,1.8436020200865408,False
Psi+,dephasing,0.2346938775510204,1.8123844778933826,False
Psi+,dephasing,0.24489795918367346,1.7823449561603426,False
Psi+,dephasing,0.25510204081632654,1.7534834548874227,False
Psi+,dephasing,0.26530612244897955,1.725799974074622,False
Psi+,dephasing,0.2755102040816326,1.69929451372194,False
Psi+,dephasing,0.2857142857142857,1.673967073829377,False
Psi+,dephasing,0.29591836734693877,1.6498176543969336,False
Psi+,dephasing,0.3061224489795918,1.6268462554246095,False
Psi+,dephasing,0.31632653061224486,1.6050528769124037,False
Psi+,dephasing,0.32653061224489793,1.5844375188603184,False
Psi+,dephasing,0.336734693877551,1.5650001812683512,False
Psi+,dephasing,0.3469387755102041,1.5467408641365046,False
Psi+,dephasing,0.3571428571428571,1.5296595674647757,False
Psi+,dephasing,0.36734693877551017,1.5137562912531661,False
Psi+,dephasing,0.37755102040816324,1.4990310355016765,False
Psi+,dephasing,0.3877551020408163,1.4854838002103057,False
Psi+,dephasing,0.39795918367346933,1.4731145853790544,False
Psi+,dephasing,0.4081632653061224,1.4619233910079212,False
Psi+,dephasing,0.4183673469387755,1.4519102170969094,False
Psi+,dephasing,0.42857142857142855,1.4430750636460141,False
Psi+,dephasing,0.4387755102040816,1.4354179306552404,False
Psi+,dephasing,0.44897959183673464,1.4289388181245843,False
Psi+,dephasing,0.4591836734693877,1.423637726054048,False
Psi+,dephasing,0.4693877551020408,1.4195146544436315,False
Psi+,dephasing,0.47959183673469385,1.4165696032933328,False
Psi+,dephasing,0.4897959183673469,1.4148025726031546,False
Psi+,dephasing,0.5,1.4142135623730954,False
Psi+,amplitude_damping,0.0,2.828427124746189,True
Psi+,amplitude_damping,0.01020408163265306,2.7851348728368084,True
Psi+,amplitude_damping,0.02040816326530612,2.7418426209274283,True
Psi+,amplitude_damping,0.030612244897959183,2.698550369018048,True
Psi+,amplitude_damping,0.04081632653061224,2.655258117108667,True
Psi+,amplitude_damping,0.0510204081632653,2.6119658651992874,True
Psi+,amplitude_damping,0.061224489795918366,2.5686736132899064,True
Psi+,amplitude_damping,0.07142857142857142,2.525381361380526,True
Psi+,amplitude_damping,0.08163265306122448,2.482089109471146,True
Psi+,amplitude_damping,0.09183673469387754,2.438796857561765,True
Psi+,amplitude_damping,0.1020408163265306,2.395504605652385,True
Psi+,amplitude_damping,0.11224489795918366,2.3522123537430044,True
Psi+,amplitude_damping,0.12244897959183673,2.308920101833624,True
Psi+,amplitude_damping,0.13265306122448978,2.2656278499242433,True
Psi+,amplitude_damping,0.14285714285714285,2.2223355980148636,True
Psi+,amplitude_damping,0.1530612244897959,2.1790433461054826,True
Psi+,amplitude_damping,0.16326530612244897,2.1357510941961024,True
Psi+,amplitude_damping,0.17346938775510204,2.092458842286722,True
Psi+,amplitude_damping,0.18367346938775508,2.0491665903773413,True
Psi+,amplitude_damping,0.19387755102040816,2.0058743384679607,True
Psi+,amplitude_damping,0.2040816326530612,1.9625820865585801,False
Psi+,amplitude_damping,0.21428571428571427,1.9192898346492002,False
Psi+,amplitude_damping,0.22448979591836732,1.8759975827398194,False
Psi+,amplitude_damping,0.2346938775510204,1.8327053308304386,False
Psi+,amplitude_damping,0.24489795918367346,1.7894130789210578,False
Psi+,amplitude_damping,0.25510204081632654,1.7461208270116781,False
Psi+,amplitude_damping,0.26530612244897955,1.702828575102298,False
Psi+,amplitude_damping,0.2755102040816326,1.6595363231929177,False
Psi+,amplitude_damping,0.2857142857142857,1.6162440712835369,False
Psi+,amplitude_damping,0.29591836734693877,1.572951819374156,False
Psi+,amplitude_damping,0.3061224489795918,1.529659567464776,False
Psi+,amplitude_damping,0.31632653061224486,1.4863673155553951,False
Psi+,amplitude_damping,0.32653061224489793,1.443075063646015,False
Psi+,amplitude_damping,0.336734693877551,1.399782811736634,False
Psi+,amplitude_damping,0.3469387755102041,1.3564905598272543,False
Psi+,amplitude_damping,0.3571428571428571,1.3131983079178735,False
Psi+,amplitude_damping,0.36734693877551017,1.2699060560084932,False
Psi+,amplitude_damping,0.37755102040816324,1.2266138040991126,False
Psi+,amplitude_damping,0.3877551020408163,1.183321552189732,False
Psi+,amplitude_damping,0.39795918367346933,1.1400293002803523,False
Psi+,amplitude_damping,0.4081632653061224,1.0967370483709713,False
Psi+,amplitude_damping,0.4183673469387755,1.0534447964615912,False
Psi+,amplitude_damping,0.42857142857142855,1.0101525445522102,False
Psi+,amplitude_damping,0.4387755102040816,0.9668602926428302,False
Psi+,amplitude_damping,0.44897959183673464,0.9235680407334499,False
Psi+,amplitude_damping,0.4591836734693877,0.8802757888240692,False
Psi+,amplitude_damping,0.4693877551020408,0.8369835369146893,False
Psi+,amplitude_damping,0.47959183673469385,0.7936912850053084,False
Psi+,amplitude_damping,0.4897959183673469,0.7503990330959274,False
Psi+,amplitude_damping,0.5,0.7071067811865477,False
Psi-,depolarizing,0.0,2.828427124746189,True
Psi-,depolarizing,0.01020408163265306,2.799565623473269,True
Psi-,depolarizing,0.02040816326530612,2.770704122200349,True
Psi-,depolarizing,0.030612244897959183,2.7418426209274283,True
Psi-,depolarizing,0.04081632653061224,2.7129811196545077,True
Psi-,depolarizing,0.0510204081632653,2.6841196183815876,True
Psi-,depolarizing,0.061224489795918366,2.655258117108668,True
Psi-,depolarizing,0.07142857142857142,2.6263966158357475,True
Psi-,depolarizing,0.08163265306122448,2.5975351145628265,True
Psi-,depolarizing,0.09183673469387754,2.5686736132899064,True
Psi-,depolarizing,0.1020408163265306,2.5398121120169863,True
Psi-,depolarizing,0.11224489795918366,2.5109506107440662,True
Psi-,depolarizing,0.12244897959183673,2.4820891094711457,True
Psi-,depolarizing,0.13265306122448978,2.453227608198225,True
Psi-,depolarizing,0.14285714285714285,2.424366106925305,True
Psi-,depolarizing,0.1530612244897959,2.395504605652385,True
Psi-,depolarizing,0.16326530612244897,2.366643104379465,True
Psi-,depolarizing,0.17346938775510204,2.337781603106544,True
Psi-,depolarizing,0.18367346938775508,2.308920101833624,True
Psi-,depolarizing,0.19387755102040816,2.2800586005607038,True
Psi-,depolarizing,0.2040816326530612,2.2511970992877837,True
Psi-,depolarizing,0.21428571428571427,2.222335598014863,True
Psi-,depolarizing,0.22448979591836732,2.1934740967419426,True
Psi-,depolarizing,0.2346938775510204,2.1646125954690225,True
Psi-,depolarizing,0.24489795918367346,2.1357510941961015,True
Psi-,depolarizing,0.25510204081632654,2.1068895929231823,True
Psi-,depolarizing,0.26530612244897955,2.0780280916502623,True
Psi-,depolarizing,0.2755102040816326,2.0491665903773413,True
Psi-,depolarizing,0.2857142857142857,2.020305089104421,True
Psi-,depolarizing,0.29591836734693877,1.9914435878315007,False
Psi-,depolarizing,0.3061224489795918,1.962582086558581,False
Psi-,depolarizing,0.31632653061224486,1.9337205852856603,False
Psi-,depolarizing,0.32653061224489793,1.90485908401274,False
Psi-,depolarizing,0.336734693877551,1.8759975827398194,False
Psi-,depolarizing,0.3469387755102041,1.8471360814668993,False
Psi-,depolarizing,0.3571428571428571,1.8182745801939793,False
Psi-,depolarizing,0.36734693877551017,1.7894130789210587,False
Psi-,depolarizing,0.37755102040816324,1.7605515776481384,False
Psi-,depolarizing,0.3877551020408163,1.731690076375218,False
Psi-,depolarizing,0.39795918367346933,1.702828575102298,False
Psi-,depolarizing,0.4081632653061224,1.6739670738293775,False
Psi-,depolarizing,0.4183673469387755,1.6451055725564574,False
Psi-,depolarizing,0.42857142857142855,1.6162440712835369,False
Psi-,depolarizing,0.4387755102040816,1.5873825700106168,False
Psi-,depolarizing,0.44897959183673464,1.5585210687376962,False
Psi-,depolarizing,0.4591836734693877,1.529659567464776,False
Psi-,depolarizing,0.4693877551020408,1.5007980661918556,False
Psi-,depolarizing,0.47959183673469385,1.4719365649189355,False
Psi-,depolarizing,0.4897959183673469,1.443075063646015,False
Psi-,depolarizing,0.5,1.414213562373095,False
Psi-,dephasing,0.0,2.828427124746189,True
Psi-,dephasing,0.01020408163265306,2.771293132430408,True
Psi-,dephasing,0.02040816326530612,2.7153371605747463,True
Psi-,dephasing,0.030612244897959183,2.660559209179204,True
Psi-,dephasing,0.04081632653061224,2.6069592782437794,True
Psi-,dephasing,0.0510204081632653,2.554537367768477,True
Psi-,dephasing,0.061224489795918366,2.5032934777532914,True
Psi-,dephasing,0.07142857142857142,2.453227608198225,True
Psi-,dephasing,0.08163265306122448,2.4043397591032796,True
Psi-,dephasing,0.09183673469387754,2.3566299304684515,True
Psi-,dephasing,0.1020408163265306,2.310098122293743,True
Psi-,dephasing,0.11224489795918366,2.264744334579154,True
Psi-,dephasing,0.12244897959183673,2.2205685673246838,True
Psi-,dephasing,0.13265306122448978,2.1775708205303337,True
Psi-,dephasing,0.14285714285714285,2.135751094196103,True
Psi-,dephasing,0.1530612244897959,2.09510938832199,True
Psi-,dephasing,0.16326530612244897,2.055645702907997,True
Psi-,dephasing,0.17346938775510204,2.0173600379541234,True
Psi-,dephasing,0.18367346938775508,1.9802523934603686,False
Psi-,dephasing,0.19387755102040816,1.9443227694267322,False
Psi-,dephasing,0.2040816326530612,1.909571165853216,False
Psi-,dephasing,0.21428571428571427,1.8759975827398194,False
Psi-,dephasing,0.22448979591836732,1.8436020200865408,False
Psi-,dephasing,0.2346938775510204,1.8123844778933826,False
Psi-,dephasing,0.24489795918367346,1.7823449561603426,False
Psi-,dephasing,0.25510204081632654,1.7534834548874227,False
Psi-,dephasing,0.26530612244897955,1.725799974074622,False
Psi-,dephasing,0.2755102040816326,1.69929451372194,False
Psi-,dephasing,0.2857142857142857,1.673967073829377,False
Psi-,dephasing,0.29591836734693877,1.6498176543969334,False
Psi-,dephasing,0.3061224489795918,1.6268462554246097,False
Psi-,dephasing,0.31632653061224486,1.6050528769124037,False
Psi-,dephasing,0.32653061224489793,1.5844375188603184,False
Psi-,dephasing,0.336734693877551,1.565000181268351,False
Psi-,dephasing,0.3469387755102041,1.5467408641365046,False
Psi-,dephasing,0.3571428571428571,1.5296595674647757,False
Psi-,dephasing,0.36734693877551017,1.5137562912531661,False
Psi-,dephasing,0.37755102040816324,1.4990310355016765,False
Psi-,dephasing,0.3877551020408163,1.4854838002103057,False
Psi-,dephasing,0.39795918367346933,1.4731145853790546,False
Psi-,dephasing,0.4081632653061224,1.4619233910079212,False
Psi-,dephasing,0.4183673469387755,1.4519102170969094,False
Psi-,dephasing,0.42857142857142855,1.4430750636460141,False
Psi-,dephasing,0.4387755102040816,1.4354179306552406,False
Psi-,dephasing,0.44897959183673464,1.4289388181245843,False
Psi-,dephasing,0.4591836734693877,1.423637726054048,False
Psi-,dephasing,0.4693877551020408,1.4195146544436315,False
Psi-,dephasing,0.47959183673469385,1.4165696032933328,False
Psi-,dephasing,0.4897959183673469,1.4148025726031546,False
Psi-,dephasing,0.5,1.4142135623730954,False
Psi-,amplitude_damping,0.0,2.828427124746189,True
Psi-,amplitude_damping,0.01020408163265306,2.785134872836809,True
Psi-,amplitude_damping,0.02040816326530612,2.7418426209274287,True
Psi-,amplitude_damping,0.030612244897959183,2.698550369018048,True
Psi-,amplitude_damping,0.04081632653061224,2.655258117108667,True
Psi-,amplitude_damping,0.0510204081632653,2.6119658651992874,True
Psi-,amplitude_damping,0.061224489795918366,2.5686736132899064,True
Psi-,amplitude_damping,0.07142857142857142,2.525381361380526,True
Psi-,amplitude_damping,0.08163265306122448,2.482089109471146,True
Psi-,amplitude_damping,0.09183673469387754,2.4387968575617656,True
Psi-,amplitude_damping,0.1020408163265306,2.395504605652385,True
Psi-,amplitude_damping,0.11224489795918366,2.3522123537430044,True
Psi-,amplitude_damping,0.12244897959183673,2.308920101833624,True
Psi-,amplitude_damping,0.13265306122448978,2.2656278499242437,True
Psi-,amplitude_damping,0.14285714285714285,2.2223355980148636,True
Psi-,amplitude_damping,0.1530612244897959,2.179043346105483,True
Psi-,amplitude_damping,0.16326530612244897,2.1357510941961024,True
Psi-,amplitude_damping,0.17346938775510204,2.092458842286722,True
Psi-,amplitude_damping,0.18367346938775508,2.0491665903773417,True
Psi-,amplitude_damping,0.19387755102040816,2.0058743384679603,True
Psi-,amplitude_damping,0.2040816326530612,1.9625820865585801,False
Psi-,amplitude_damping,0.21428571428571427,1.9192898346492004,False
Psi-,amplitude_damping,0.22448979591836732,1.8759975827398194,False
Psi-,amplitude_damping,0.2346938775510204,1.8327053308304384,False
Psi-,amplitude_damping,0.24489795918367346,1.7894130789210578,False
Psi-,amplitude_damping,0.25510204081632654,1.7461208270116781,False
Psi-,amplitude_damping,0.26530612244897955,1.7028285751022982,False
Psi-,amplitude_damping,0.2755102040816326,1.6595363231929174,False
Psi-,amplitude_damping,0.2857142857142857,1.6162440712835366,False
Psi-,amplitude_damping,0.29591836734693877,1.572951819374156,False
Psi-,amplitude_damping,0.3061224489795918,1.5296595674647757,False
Psi-,amplitude_damping,0.31632653061224486,1.4863673155553954,False
Psi-,amplitude_damping,0.32653061224489793,1.4430750636460152,False
Psi-,amplitude_damping,0.336734693877551,1.3997828117366342,False
Psi-,amplitude_damping,0.3469387755102041,1.3564905598272543,False
Psi-,amplitude_damping,0.3571428571428571,1.3131983079178735,False
Psi-,amplitude_damping,0.36734693877551017,1.2699060560084927,False
Psi-,amplitude_damping,0.37755102040816324,1.2266138040991126,False
Psi-,amplitude_damping,0.3877551020408163,1.183321552189732,False
Psi-,amplitude_damping,0.39795918367346933,1.1400293002803523,False
Psi-,amplitude_damping,0.4081632653061224,1.0967370483709713,False
Psi-,amplitude_damping,0.4183673469387755,1.053444796461591,False
Psi-,amplitude_damping,0.42857142857142855,1.0101525445522102,False
Psi-,amplitude_damping,0.4387755102040816,0.9668602926428305,False
Psi-,amplitude_damping,0.44897959183673464,0.9235680407334498,False
Psi-,amplitude_damping,0.4591836734693877,0.8802757888240693,False
Psi-,amplitude_damping,0.4693877551020408,0.8369835369146894,False
Psi-,amplitude_damping,0.47959183673469385,0.7936912850053084,False
Psi-,amplitude_damping,0.4897959183673469,0.7503990330959275,False
Psi-,amplitude_damping,0.5,0.7071067811865476,False
